id,job_position,number,work_addr,education_norm,specialty_norm,post_num,dept_name,timestamp,post_num_num_ratio
CD6CCC73-9ACA-49C1-ABAB-E0796B80B447,电力智能及新兴产业岗,44,"河南
四川
山东
内蒙古
以及油田业务所在地",本科、硕士研究生,储能科学与工程；氢能科学与工程；工程热物理；热能工程；能源与动力工程；新能源材料与器件；新能源科学与工程；材料科学与工程；材料化学；材料物理；金属材料工程；无机非金属材料工程；复合材料与工程；功能材料；纳米材料与技术；高分子材料与工程；材料物理与化学；材料学；材料加工工程；焊接技术与工程；高电压与绝缘技术；电力电子与电力传动；计算机科学与技术；软件工程；网络工程；信息安全；物联网工程；电子与计算机工程；数据科学与大数据技术；网络空间安全；智能科学与技术；计算机系统结构；计算机软件与理论；计算机应用技术等相近专业。,749,中原油田,2023-11-02 21:45:46,17.022727272727273
21FCE0E8-95A6-41DB-BFCC-78A9A84F53ED,地质测控工程技术岗,80,山东东营、河南濮阳、湖北武汉、湖北潜江、四川成都、四川绵阳、河南郑州、河南南阳、江苏扬州,本科、硕士研究生,"硕研：地质学、矿物学 岩石学 矿床学、地球化学、构造地质学、第四纪地质学、流体力学、工程力学、地质资源与地质工程、矿产普查与勘探、地球探测与信息技术、地质工程、油气井工程、石油与天然气工程、资源与环境（油气地球物理测井工程、石油与天然气工程、地质工程、油气井工程、海洋地质、油气地球物理工程、油气资源与地质工程、测井解释评价、矿产资源普查与勘探、地科DZGC方向）、海洋地质，海洋油气工程、地球物理学、固体地球物理学、工程热物理等专业；
机械、机械工程、机械工程及自动化、机械制造及其自动化、机械电子工程、机械设计及理论、控制科学与工程、控制理论与控制工程、检测技术与自动化装置、系统工程、模式识别与智能控制、仪器科学与技术、精密仪器及机械、仪器仪表、人工智能、自动化、测试计量技术与仪器、电气工程、电气工程及其自动化、电机与电器、电子科学与技术、物理电子学、电路与系统、电子电气工程、电子信息工程、电子信息科学与技术、电子与通信工程、新一代电子信息技术、控制工程、材料科学与技术、材料学、材料成型及控制工程、材料工程、材料工程技术、材料化学、材料科学与工程、材料物理与化学等专业；
计算机科学与技术、计算机软件与理论、计算机应用技术、软件工程、通信与信息系统、信号与信息处理、无线通信系统、光电信息工程、声学、数学、安全技术与工程等专业。
本科：地质学、地质资源与地质工程、地球化学、地球信息科学与技术、地球物理学、地质工程、勘查技术与工程、资源勘查工程、石油工程、海洋油气工程等专业；
机械工程、机械工程及自动化、机械设计制造及其自动化、材料成型及控制工程、机械电子工程、过程装备与控制工程、测控技术与仪器、电气工程及其自动化、电气工程与智能控制、自动化、电子信息工程、电子科学与技术、电子信息科学与技术、人工智能、通信工程、微电子科学与工程、信息工程、材料科学与工程、材料物理、材料化学、金属材料工程等专业；
计算机科学与技术、软件工程、网络工程、物联网工程、智能科学与技术、电子与计算机工程、声学、数学与应用数学、安全工程等专业。",1410,经纬有限公司,2023-11-02 21:45:47,17.625
D2ECF9EB-5740-4433-B23E-B58E73896792,"石油工程
科研及技术应用岗",82,以山东东营为主，以及乌鲁木齐、库尔勒、成都等城市,本科、硕士研究生,"1.石油类：油气井工程、油气田开发工程、油气储运工程、石油工程、海洋油气工程、智能采矿工程、碳储科学与工程等专业。
2.地质类：矿产普查与勘探、地球探测与信息技术、矿物学、岩石学、矿床学、构造地质学、地质资源与地质工程、矿业工程、地质工程、勘查技术与工程、资源勘查工程、智能地球探测、资源环境大数据工程、地球物理学、地质学、地球化学、地球信息科学与技术等专业。
3.海洋工程类：海洋地质、船舶与海洋结构物设计制造、海洋科学、物理海洋学、船舶与海洋工程、海洋工程与技术、海洋资源开发技术、海洋机器人、智慧海洋技术、船舶电子电气工程等专业。
4.环境科学与工程类：环境科学与工程、环境工程、环境科学、资源环境科学、资源循环科学与工程、环保设备工程等专业。
5.化学化工、材料、检验检测类：无机化学、分析化学、有机化学、高分子与物理化学、化学工程、化学工艺、化学工程与技术、材料工程、材料科学与工程、材料加工工程、工学催化、材料学、材料物理与化学；化学、应用化学、分子科学与工程、能源化学、化学测量学与技术、化学生物学、生物化学、生物科学；化学工程与工艺、能源化学工程、化工安全工程、精细化工；材料科学与工程、材料化学、材料物理、无机非金属材料工程、金属材料工程、高分子材料与工程、焊接技术与工程、复合材料与工程、复合材料成型工程、智能材料与结构、材料设计科学与工程等专业。
6.机械、力学、能源与动力类：机械设计及理论、精密仪器及机械、动力机械及工程、机械设计及理论、测试计量技术及仪器、仪器科学与技术、化工过程机械、机器人工程、流体力学、工程力学、流体力学与液压传动、液压机械与控制、液压与气动；机械工程、机械设计制造及其自动化、材料成型及控制工程、机械电子工程、过程装备与控制工程、机械工艺技术、应急装备技术与工程；工程力学、理论与应用力学；能源与动力工程、新能源科学与工程、能源动力（低碳方向）、能源服务工程、可持续能源等专业。
7.电气、仪器与自动化类：电机与电器、电力系统及其自动化、电力电子与电力传动、电工理论与新技术、电路与系统、电气工程、电子科学与技术；电气工程及其自动化、电气工程与智能控制、智能电网信息工程、电机电器智能化、智慧能源工程；测控技术与仪器、精密仪器、智能感知工程；自动化、智能装备与系统、工业智能、智能工程与创意设计等专业。
8.电子信息、计算机类：电子信息工程、电子科学与技术、通信工程、信息工程、电子信息科学与技术、海洋信息工程、智能测控工程；计算机科学与技术、软件工程、网络工程、信息安全、物联网工程、电子与计算机工程、信息与计算科学、智能科学与技术、数据科学与大数据技术、虚拟现实技术等专业。
9.安全类：安全科学与工程、安全工程等专业。
10.土木类：智能建造与技术、建筑工程技术、建筑钢结构工程技术、土木工程检测技术等专业。
11.数学类：应用数学、计算数学、数学与应用数学、数据计算及应用等专业。
12.交通运输类：物流工程专业。",1494,胜利石油工程有限公司,2023-11-02 21:45:48,18.21951219512195
F74D7E0F-4E85-4851-8079-B82EDF2052CC,石油工程技术应用（研究）岗,41,湖北、四川、重庆、新疆、陕西、沙特等,本科、硕士研究生,"本科：
1.石油工程类：石油工程、海洋石油工程、采矿工程（钻探方向）、理论与应用力学、工程力学、土木工程、测绘工程、工程造价、环境科学与工程、环境科学、环境工程、资源环境科学、安全工程等专业；
2.地质类：地质学、地质工程、地球化学、地球信息科学与技术、古生物学、勘查技术与工程、资源勘查工程、地球物理学等专业
3.化学化工类：化学、应用化学、化学生物学、分子科学与工程、能源化学、化学测量学与技术、资源化学、化学工程与工艺、能源化学工程、化工安全工程、精细化工等专业；
4.材料工程类：材料科学与工程、材料物理、材料化学、金属材料工程、无机非金属材料工程、高分子材料与工程、复合材料与工程、复合材料成型工程、材料设计科学与工程、智能材料与结构、焊接技术与工程等专业；
5.机械电仪类：机械工程、机械设计制造及其自动化、材料成型及控制工程、机械电子工程、工业设计、过程装备与控制工程、车辆工程、机械工艺技术、微机电系统工程、智能制造工程、应急装备技术与工程、测控技术与仪器、精密仪器、电气工程及其自动化、电气工程与智能控制、电机电器智能化、自动化、物理学、环保设备工程、智能测控工程、智能装备与系统、工业智能、能源与动力工程等专业；
6.计算机信息类：电子信息工程、电子科学与技术、微电子科学与工程、通信工程、信息工程、电子信息科学与技术、计算机科学与技术、光电信息科学与工程、人工智能、机器人工程、软件工程、网络工程、信息安全、物联网工程、智能科学与技术、电子与计算机工程、信息与计算机科学、数据科学与大数据技术等专业；
硕研：
1.石油工程类：石油与天然气工程、油气井工程、采矿工程（钻探方向）、固体力学、流体力学、工程力学、大地测量学与测量工程、安全技术及工程、环境科学、环境工程等专业；
2.地质类：油气田开发工程、地球探测与信息技术、地质工程、地质学、矿物学、岩石学、矿床学、古生物学与地层学、构造地质学、地质资源与地质工程等专业；
3.化学化工类：无机化学、有机化学、分析化学、物理化学（含化学物理）、高分子化学与物理、化学工程与技术、化学工程、化学工艺、生物化学、应用化学、化工过程机械等专业；
4.材料工程类：材料工程、材料科学与工程、材料物理与化学、材料学、材料加工工程等专业；
5.机械电仪类：机械工程、机械制造及其自动化、机械电子工程、机械设计及理论、车辆工程、控制理论与控制工程、检测技术与自动化装置、动力机械及工程、系统工程、控制工程、电机与电器、电路与系统、电气工程、电力系统及其自动化、电力电子与电力传动、电工理论与新技术、电子科学与技术、物理电子学、微电子学与固体电子学、电磁场与微波技术、机器人工程、仪器仪表工程、精密仪器及机械、测试计量技术及仪器、仪器科学与技术、无线电物理等专业；
6.计算机信息类：通信与信息系统、信号与信息处理、人工智能、大数据技术与工程、模拟识别与智能系统、计算机系统结构、计算机软件与理论、计算机技术、计算机应用技术、电子信息工程、信息工程、软件工程等专业",888,江汉石油工程有限公司,2023-11-02 21:45:53,21.658536585365855
228F5D27-F314-4D4A-9644-C6E8A35B15A7,物探综合技术岗,20,山东东营，河南郑州、濮阳、南阳，湖北武汉、潜江，江苏南京、扬州，四川德阳，云南昆明，湖南湘潭，海外项目,本科、硕士研究生,"物探类：地球物理学、地球探测与信息技术、资源勘查工程、矿产普查与勘探、地质工程、勘查技术与工程、海洋油气工程、石油工程、地质学、地球化学、地球信息科学与技术、石油与天然气工程等专业。
测量测绘类：测绘工程、地理空间信息工程、地理信息系统、大地测量、摄影测量与遥感等专业。
仪器机械类：自动化、测控技术与仪器、机械工程、机械设计制造、机械电子工程、过程装备与控制工程、精密仪器与机械、仪器仪表工程、电气工程等专业。
电子信息类：数学、计算机科学与技术、软件工程、信息安全、物联网工程、电子与计算机工程、通信工程、电子信息工程、电子科学与技术等专业。
安全环保类：安全工程、环境工程等专业。
交通类：航海技术、轮机工程等专业。",464,地球物理有限公司,2023-11-02 21:45:51,23.2
B1B1A22D-A32A-4373-A6C0-E8E40A30167F,市分公司加油站后备站长（平顶山）,3,平顶山分公司,本科、硕士研究生,"1.硕研：石油与天然气工程、油气储运工程、化学、化学工程与技术、安全科学与工程、环境科学与工程、土木工程、计算机科学与技术、软件工程、信息与通信工程、电子与信息、电子商务与供应链管理；
2.本科：石油工程、化学、应用化学、石油工程、油气储运工程、安全工程、环境科学、安全科学与工程类、环境工程、环境科学与工程、安全科学与工程类、能源与环境系统工程、环保设备工程、物流工程、物流管理、土木工程、地质工程、建筑学、土地资源管理、新能源科学与工程、能源与动力工程、新能源材料与器件、新能源汽车工程、能源服务工程、能源互联网工程、建筑环境与能源应用工程、计算机科学与技术、网络工程、网络与新媒体、信息与计算科学、信息安全、电子科学与技术、软件工程、信息工程、信息管理与信息技术、电子信息工程",70,河南石油分公司,2023-11-02 21:45:50,23.333333333333332
03DB3885-3E3F-4026-A28E-FE8A70CCED92,石油工程技术应用（研究）岗,35,沙特、科威特、河南、四川、重庆、新疆、河北、陕西、内蒙等,本科、硕士研究生,"本科：
1.石油工程类：石油工程、海洋石油工程、采矿工程（钻探方向）、理论与应用力学、工程力学、土木工程、测绘工程、工程造价、环境科学与工程、环境科学、环境工程、资源环境科学、安全工程等专业；
2.地质类：地质学、地质工程、地球化学、地球信息科学与技术、古生物学、勘查技术与工程、资源勘查工程、地球物理学等专业
3.化学化工类：化学、应用化学、化学生物学、分子科学与工程、能源化学、化学测量学与技术、资源化学、化学工程与工艺、能源化学工程、化工安全工程、精细化工等专业；
4.材料工程类：材料科学与工程、材料物理、材料化学、金属材料工程、无机非金属材料工程、高分子材料与工程、复合材料与工程、复合材料成型工程、材料设计科学与工程、智能材料与结构、焊接技术与工程等专业；
5.机械电仪类：机械工程、机械设计制造及其自动化、材料成型及控制工程、机械电子工程、工业设计、过程装备与控制工程、车辆工程、机械工艺技术、微机电系统工程、智能制造工程、应急装备技术与工程、测控技术与仪器、精密仪器、电气工程及其自动化、电气工程与智能控制、电机电器智能化、自动化、物理学、环保设备工程、智能测控工程、智能装备与系统、工业智能、能源与动力工程等专业；
6.计算机信息类：电子信息工程、电子科学与技术、微电子科学与工程、通信工程、信息工程、电子信息科学与技术、计算机科学与技术、光电信息科学与工程、人工智能、机器人工程、软件工程、网络工程、信息安全、物联网工程、智能科学与技术、电子与计算机工程、信息与计算机科学、数据科学与大数据技术等专业；
硕研：
1.石油工程类：石油与天然气工程、油气井工程、采矿工程（钻探方向）、固体力学、流体力学、工程力学、大地测量学与测量工程、安全技术及工程、环境科学、环境工程等专业；
2.地质类：油气田开发工程、地球探测与信息技术、地质工程、地质学、矿物学、岩石学、矿床学、古生物学与地层学、构造地质学、地质资源与地质工程等专业；
3.化学化工类：无机化学、有机化学、分析化学、物理化学（含化学物理）、高分子化学与物理、化学工程与技术、化学工程、化学工艺、生物化学、应用化学、化工过程机械等专业；
4.材料工程类：材料工程、材料科学与工程、材料物理与化学、材料学、材料加工工程等专业；
5.机械电仪类：机械工程、机械制造及其自动化、机械电子工程、机械设计及理论、车辆工程、控制理论与控制工程、检测技术与自动化装置、动力机械及工程、系统工程、控制工程、电机与电器、电路与系统、电气工程、电力系统及其自动化、电力电子与电力传动、电工理论与新技术、电子科学与技术、物理电子学、微电子学与固体电子学、电磁场与微波技术、机器人工程、仪器仪表工程、精密仪器及机械、测试计量技术及仪器、仪器科学与技术、无线电物理等专业；
6.计算机信息类：通信与信息系统、信号与信息处理、人工智能、大数据技术与工程、模拟识别与智能系统、计算机系统结构、计算机软件与理论、计算机技术、计算机应用技术、电子信息工程、信息工程、软件工程等专业",829,中原石油工程有限公司,2023-11-02 21:45:54,23.685714285714287
78E872B0-3977-48AA-8B29-A392EB440822,市分公司加油站后备站长（三门峡）,2,三门峡分公司,本科、硕士研究生,"1.硕研：石油与天然气工程、油气储运工程、会计、会计分析与审计、金融学、电子商务、电子商务与供应链管理、市场营销、计算机技术、软件工程、计算机和信息管理、工程管理；
2.本科：安全工程、市场营销、会计学、财务管理、金融与会计学、资产评估、物流管理、统计学、金融学、理财产品和金融学、网络与新媒体、软件工程、工程管理、工商管理",49,河南石油分公司,2023-11-02 21:45:57,24.5
26FCB1AF-2533-4219-B493-6322D6917A42,市分公司加油站后备站长（焦作）,3,焦作分公司,本科、硕士研究生,"1.硕研：石油与天然气工程、油气储运工程、化学、化学工程与技术、安全科学与工程、环境科学与工程、土木工程、计算机科学与技术、软件工程、信息与通信工程、电子与信息、电子商务与供应链管理；
2.本科：石油工程、化学、应用化学、石油工程、油气储运工程、安全工程、环境科学、环境工程、环境科学与工程、能源与环境系统工程、环保设备工程、物流工程、物流管理、土木工程、建筑学、土地资源管理、新能源科学与工程、能源与动力工程、新能源材料与器件、新能源汽车工程、能源服务工程、能源互联网工程、建筑环境与能源应用工程、计算机科学与技术、网络工程、网络与新媒体、信息与计算科学、信息安全、电子科学与技术、软件工程、信息工程、信息管理与信息技术、电子信息工程、财务管理、会计学、统计学、工商管理、电子商务",77,河南石油分公司,2023-11-02 21:45:55,25.666666666666668
1548917A-3469-46E7-865A-2DA724DC86A8,工程技术岗（宣城）,4,宣城,本科、硕士研究生,油气储运工程、智慧能源工程、电气工程与智能控制、氢能科学与工程、智能电网信息工程、环境工程、环境科学、环境生态工程、环保设备工程、资源环境科学、石油与天然气工程、安全工程、化学、应用化学、能源化学、资源化学、机械工程、机械设计制造及其自动化、机械电子工程、车辆工程、新能源汽车工程、材料科学与工程、材料化学、高分子材料与工程、能源与环境系统工程、新能源科学与工程、电子信息工程、仪器科学与技术、电气工程、电子科学与技术、通信工程、信息工程、人工智能、自动化、信息与通信工程、控制科学与工程、计算机科学与技术、建筑学、土木工程、水利工程、化学工程与技术、环境科学与工程、安全科学与工程、网络公共安全、机械、材料与化工、资源与环境、土木水利、能源动力、电子信息、软件工程、网络工程、信息安全、物联网工程、数字媒体技术、电子与计算机工程、数据科学与大数据技术、化学工程与工艺、能源化学工程、化工安全工程、资源环境大数据工程、石油工程、安全生产监管、应急技术与管理、职业卫生工程、消防工程、信息管理与信息系统、工程管理、工程造价、大数据管理与应用、物流管理、物流工程、信息资源管理、工业工程、数学、数学与应用数学、信息与计算科学、数据计算及应用、数据科学、统计学、经济统计学、应用统计学等相关专业,103,安徽石油分公司,2023-11-02 21:46:00,25.75
D7ACFDD4-2FDD-47CC-8980-3AFB2CA93348,技术管理岗-曹妃甸,2,曹妃甸,本科,油气储运工程类、炼油化工类、航运海事类、机械工程类、电气及自动化类、计算机类,52,联合石化公司,2023-11-02 21:45:52,26.0
39B32C56-9A0F-403E-A376-C72102476746,工程技术岗（黄山）,3,黄山,本科、硕士研究生,油气储运工程、智慧能源工程、电气工程与智能控制、氢能科学与工程、智能电网信息工程、环境工程、环境科学、环境生态工程、环保设备工程、资源环境科学、石油与天然气工程、安全工程、化学、应用化学、能源化学、资源化学、机械工程、机械设计制造及其自动化、机械电子工程、车辆工程、新能源汽车工程、材料科学与工程、材料化学、高分子材料与工程、能源与环境系统工程、新能源科学与工程、电子信息工程、仪器科学与技术、电气工程、电子科学与技术、通信工程、信息工程、人工智能、自动化、信息与通信工程、控制科学与工程、计算机科学与技术、建筑学、土木工程、水利工程、化学工程与技术、环境科学与工程、安全科学与工程、网络公共安全、机械、材料与化工、资源与环境、土木水利、能源动力、电子信息、软件工程、网络工程、信息安全、物联网工程、数字媒体技术、电子与计算机工程、数据科学与大数据技术、化学工程与工艺、能源化学工程、化工安全工程、资源环境大数据工程、石油工程、安全生产监管、应急技术与管理、职业卫生工程、消防工程、信息管理与信息系统、工程管理、工程造价、大数据管理与应用、物流管理、物流工程、信息资源管理、工业工程、数学、数学与应用数学、信息与计算科学、数据计算及应用、数据科学、统计学、经济统计学、应用统计学等相关专业,79,安徽石油分公司,2023-11-02 21:45:56,26.333333333333332
532E0B5D-EDE7-43ED-B584-F462AC8E6ED1,电气及信息管理岗,2,北京,本科、硕士研究生,电气工程、电机与电器、电力系统及其自动化、高电压与绝缘技术、电力电子与电力传动、电工理论与新技术、电子信息、电子科学与技术、信息与通信工程、计算机科学与技术、软件工程、大数据技术与工程、网络与信息安全及相关专业,54,百川公司,2023-11-02 21:46:01,27.0
533F52AF-46ED-452A-A7B5-E29F0682FF82,市分公司加油站后备站长（濮阳、中原）,3,濮阳或中原分公司,本科、硕士研究生,"1.硕研：石油与天然气工程、油气储运工程、化学、化学工程与技术、安全科学与工程、环境科学与工程、土木工程、计算机科学与技术、软件工程、信息与通信工程、电子与信息、电子商务与供应链管理；
2.本科：石油工程、化学、应用化学、石油工程、油气储运工程、安全工程、环境科学、环境工程、环境科学与工程、能源与环境系统工程、环保设备工程、物流工程、物流管理、土木工程、建筑学、土地资源管理、新能源科学与工程、能源与动力工程、新能源材料与器件、新能源汽车工程、能源服务工程、能源互联网工程、建筑环境与能源应用工程、计算机科学与技术、网络工程、网络与新媒体、信息与计算科学、信息安全、电子科学与技术、电子信息工程、财务管理、市场营销、电子商务",81,河南石油分公司,2023-11-02 21:46:02,27.0
2FDC5BE0-BBAC-4427-BD81-68765D443FA8,工程技术岗（淮北）,4,淮北,本科、硕士研究生,油气储运工程、智慧能源工程、电气工程与智能控制、氢能科学与工程、智能电网信息工程、环境工程、环境科学、环境生态工程、环保设备工程、资源环境科学、石油与天然气工程、安全工程、化学、应用化学、能源化学、资源化学、机械工程、机械设计制造及其自动化、机械电子工程、车辆工程、新能源汽车工程、材料科学与工程、材料化学、高分子材料与工程、能源与环境系统工程、新能源科学与工程、电子信息工程、仪器科学与技术、电气工程、电子科学与技术、通信工程、信息工程、人工智能、自动化、信息与通信工程、控制科学与工程、计算机科学与技术、建筑学、土木工程、水利工程、化学工程与技术、环境科学与工程、安全科学与工程、网络公共安全、机械、材料与化工、资源与环境、土木水利、能源动力、电子信息、软件工程、网络工程、信息安全、物联网工程、数字媒体技术、电子与计算机工程、数据科学与大数据技术、化学工程与工艺、能源化学工程、化工安全工程、资源环境大数据工程、石油工程、安全生产监管、应急技术与管理、职业卫生工程、消防工程、信息管理与信息系统、工程管理、工程造价、大数据管理与应用、物流管理、物流工程、信息资源管理、工业工程、数学、数学与应用数学、信息与计算科学、数据计算及应用、数据科学、统计学、经济统计学、应用统计学等相关专业,111,安徽石油分公司,2023-11-02 21:45:58,27.75
A42AE3F3-B671-42E9-98B0-7F4482C9DC4F,市分公司加油站后备站长（商丘）,3,商丘分公司,本科、硕士研究生,"1.硕研：石油与天然气工程、油气储运工程、会计、会计分析与审计、金融学、电子商务、电子商务与供应链管理、市场营销、计算机技术、软件工程、计算机和信息管理、工程管理；
2.本科：安全工程、市场营销、会计学、财务管理、资产评估、物流管理、统计学、金融学、理财产品和金融学、金融与会计学、软件工程、工程管理、工商管理、网络与新媒体",89,河南石油分公司,2023-11-02 21:45:59,29.666666666666668
115F9774-D18C-4CE8-A07D-6CAB48F27563,IT业务岗（东营）,9,山东东营,本科、硕士研究生,信息与计算科学、应用数学、电子信息工程、电子科学与技术、信息工程、电子信息科学与技术、计算机科学与技术、软件工程、网络工程、信息安全、智能科学与技术、人工智能、电子与计算机工程、数据科学与大数据技术、网络空间安全、保密技术、计算机网络技术、计算机系统与维护、软件技术、软件与信息服务、数字展示技术、信息安全与管理、移动应用开发、云计算技术与应用、大数据技术与应用、计算机软件与理论、计算机应用技术、软件工程类其他专业、网络空间安全类其他专业,267,共享服务公司,2023-11-02 21:46:09,29.666666666666668
9DCDF982-FE8C-4FBA-B6BB-0AA339EE7B9E,工程技术岗（滁州）,4,滁州,本科、硕士研究生,油气储运工程、智慧能源工程、电气工程与智能控制、氢能科学与工程、智能电网信息工程、环境工程、环境科学、环境生态工程、环保设备工程、资源环境科学、石油与天然气工程、安全工程、化学、应用化学、能源化学、资源化学、机械工程、机械设计制造及其自动化、机械电子工程、车辆工程、新能源汽车工程、材料科学与工程、材料化学、高分子材料与工程、能源与环境系统工程、新能源科学与工程、电子信息工程、仪器科学与技术、电气工程、电子科学与技术、通信工程、信息工程、人工智能、自动化、信息与通信工程、控制科学与工程、计算机科学与技术、建筑学、土木工程、水利工程、化学工程与技术、环境科学与工程、安全科学与工程、网络公共安全、机械、材料与化工、资源与环境、土木水利、能源动力、电子信息、软件工程、网络工程、信息安全、物联网工程、数字媒体技术、电子与计算机工程、数据科学与大数据技术、化学工程与工艺、能源化学工程、化工安全工程、资源环境大数据工程、石油工程、安全生产监管、应急技术与管理、职业卫生工程、消防工程、信息管理与信息系统、工程管理、工程造价、大数据管理与应用、物流管理、物流工程、信息资源管理、工业工程、数学、数学与应用数学、信息与计算科学、数据计算及应用、数据科学、统计学、经济统计学、应用统计学等相关专业,119,安徽石油分公司,2023-11-02 21:46:07,29.75
79DF6F6A-CACF-47BE-9450-3F69285572B5,工程技术岗（池州）,2,池州,本科、硕士研究生,油气储运工程、智慧能源工程、电气工程与智能控制、氢能科学与工程、智能电网信息工程、环境工程、环境科学、环境生态工程、环保设备工程、资源环境科学、石油与天然气工程、安全工程、化学、应用化学、能源化学、资源化学、机械工程、机械设计制造及其自动化、机械电子工程、车辆工程、新能源汽车工程、材料科学与工程、材料化学、高分子材料与工程、能源与环境系统工程、新能源科学与工程、电子信息工程、仪器科学与技术、电气工程、电子科学与技术、通信工程、信息工程、人工智能、自动化、信息与通信工程、控制科学与工程、计算机科学与技术、建筑学、土木工程、水利工程、化学工程与技术、环境科学与工程、安全科学与工程、网络公共安全、机械、材料与化工、资源与环境、土木水利、能源动力、电子信息、软件工程、网络工程、信息安全、物联网工程、数字媒体技术、电子与计算机工程、数据科学与大数据技术、化学工程与工艺、能源化学工程、化工安全工程、资源环境大数据工程、石油工程、安全生产监管、应急技术与管理、职业卫生工程、消防工程、信息管理与信息系统、工程管理、工程造价、大数据管理与应用、物流管理、物流工程、信息资源管理、工业工程、数学、数学与应用数学、信息与计算科学、数据计算及应用、数据科学、统计学、经济统计学、应用统计学等相关专业,60,安徽石油分公司,2023-11-02 21:46:12,30.0
80DC6E62-08A1-4290-9B84-E03F5D099580,工程技术岗（铜陵）,2,铜陵,本科、硕士研究生,油气储运工程、智慧能源工程、电气工程与智能控制、氢能科学与工程、智能电网信息工程、环境工程、环境科学、环境生态工程、环保设备工程、资源环境科学、石油与天然气工程、安全工程、化学、应用化学、能源化学、资源化学、机械工程、机械设计制造及其自动化、机械电子工程、车辆工程、新能源汽车工程、材料科学与工程、材料化学、高分子材料与工程、能源与环境系统工程、新能源科学与工程、电子信息工程、仪器科学与技术、电气工程、电子科学与技术、通信工程、信息工程、人工智能、自动化、信息与通信工程、控制科学与工程、计算机科学与技术、建筑学、土木工程、水利工程、化学工程与技术、环境科学与工程、安全科学与工程、网络公共安全、机械、材料与化工、资源与环境、土木水利、能源动力、电子信息、软件工程、网络工程、信息安全、物联网工程、数字媒体技术、电子与计算机工程、数据科学与大数据技术、化学工程与工艺、能源化学工程、化工安全工程、资源环境大数据工程、石油工程、安全生产监管、应急技术与管理、职业卫生工程、消防工程、信息管理与信息系统、工程管理、工程造价、大数据管理与应用、物流管理、物流工程、信息资源管理、工业工程、数学、数学与应用数学、信息与计算科学、数据计算及应用、数据科学、统计学、经济统计学、应用统计学等相关专业,62,安徽石油分公司,2023-11-02 21:46:10,31.0
E76BE70F-72F8-4318-B2B6-A68D88FA8D45,工程技术岗（蚌埠）,3,蚌埠,本科、硕士研究生,油气储运工程、智慧能源工程、电气工程与智能控制、氢能科学与工程、智能电网信息工程、环境工程、环境科学、环境生态工程、环保设备工程、资源环境科学、石油与天然气工程、安全工程、化学、应用化学、能源化学、资源化学、机械工程、机械设计制造及其自动化、机械电子工程、车辆工程、新能源汽车工程、材料科学与工程、材料化学、高分子材料与工程、能源与环境系统工程、新能源科学与工程、电子信息工程、仪器科学与技术、电气工程、电子科学与技术、通信工程、信息工程、人工智能、自动化、信息与通信工程、控制科学与工程、计算机科学与技术、建筑学、土木工程、水利工程、化学工程与技术、环境科学与工程、安全科学与工程、网络公共安全、机械、材料与化工、资源与环境、土木水利、能源动力、电子信息、软件工程、网络工程、信息安全、物联网工程、数字媒体技术、电子与计算机工程、数据科学与大数据技术、化学工程与工艺、能源化学工程、化工安全工程、资源环境大数据工程、石油工程、安全生产监管、应急技术与管理、职业卫生工程、消防工程、信息管理与信息系统、工程管理、工程造价、大数据管理与应用、物流管理、物流工程、信息资源管理、工业工程、数学、数学与应用数学、信息与计算科学、数据计算及应用、数据科学、统计学、经济统计学、应用统计学等相关专业,93,安徽石油分公司,2023-11-02 21:46:11,31.0
F7FAF124-4667-4D5C-AE1C-2B756017ED9D,工程技术岗（淮南）,3,淮南,本科、硕士研究生,油气储运工程、智慧能源工程、电气工程与智能控制、氢能科学与工程、智能电网信息工程、环境工程、环境科学、环境生态工程、环保设备工程、资源环境科学、石油与天然气工程、安全工程、化学、应用化学、能源化学、资源化学、机械工程、机械设计制造及其自动化、机械电子工程、车辆工程、新能源汽车工程、材料科学与工程、材料化学、高分子材料与工程、能源与环境系统工程、新能源科学与工程、电子信息工程、仪器科学与技术、电气工程、电子科学与技术、通信工程、信息工程、人工智能、自动化、信息与通信工程、控制科学与工程、计算机科学与技术、建筑学、土木工程、水利工程、化学工程与技术、环境科学与工程、安全科学与工程、网络公共安全、机械、材料与化工、资源与环境、土木水利、能源动力、电子信息、软件工程、网络工程、信息安全、物联网工程、数字媒体技术、电子与计算机工程、数据科学与大数据技术、化学工程与工艺、能源化学工程、化工安全工程、资源环境大数据工程、石油工程、安全生产监管、应急技术与管理、职业卫生工程、消防工程、信息管理与信息系统、工程管理、工程造价、大数据管理与应用、物流管理、物流工程、信息资源管理、工业工程、数学、数学与应用数学、信息与计算科学、数据计算及应用、数据科学、统计学、经济统计学、应用统计学等相关专业,94,安徽石油分公司,2023-11-02 21:46:08,31.333333333333332
E41E7A0D-88AA-47BB-9177-22BE0211E836,市分公司加油站后备站长（驻马店）,3,驻马店分公司,本科、硕士研究生,"1.硕研：石油与天然气工程、油气储运工程、物流工程、化学、化学工程与技术、安全科学与工程、环境科学与工程、土木工程、中国语言文学类、新闻传播学、法学、广告学、图书馆情报与档案管理、行政管理、计算机科学与技术、软件工程、信息与通信工程、电子与信息、会计、会计分析与审计、审计、金融学、财务管理、工商管理、企业管理、行政管理、社会保障、市场营销、经济学、统计学、法学、经济法学、电子商务与供应链管理、计算机和信息管理、马克思主义理论；
2.本科：石油工程、化学、应用化学、石油工程、油气储运工程、安全工程、环境科学、安全科学与工程类、环境工程、环境科学与工程、安全科学与工程类、能源与环境系统工程、环保设备工程、物流工程、物流管理、土木工程、地质工程、建筑学、土地资源管理、新能源科学与工程、能源与动力工程、新能源材料与器件、新能源汽车工程、能源服务工程、能源互联网工程、建筑环境与能源应用工程、计算机科学与技术、网络工程、网络与新媒体、信息与计算科学、信息安全、电子科学与技术、软件工程、信息工程、信息管理与信息技术、电子信息工程、财务管理、财政学、会计学、资产评估、金融学、理财产品和金融学、金融与会计学、工商管理、人力资源管理、行政管理、劳动关系、社会保障、公共管理、法学、市场营销、国际经济与贸易、贸易经济、电子商务、统计学、连锁经营管理",94,河南石油分公司,2023-11-02 21:46:05,31.333333333333332
36C53E4F-9925-4A8B-A2AD-82452431662F,市分公司加油站后备站长（漯河）,3,漯河分公司,本科、硕士研究生,"1.硕研：石油与天然气工程、油气储运工程、物流工程、化学、化学工程与技术、安全科学与工程、环境科学与工程、土木工程、中国语言文学类、新闻传播学、法学、广告学、图书馆情报与档案管理、行政管理、计算机科学与技术、软件工程、信息与通信工程、电子与信息、会计、会计分析与审计、审计、金融学、财务管理、工商管理、企业管理、行政管理、社会保障、市场营销、经济学、统计学、法学、经济法学、电子商务与供应链管理、计算机和信息管理、马克思主义理论；
2.本科：石油工程、化学、应用化学、石油工程、油气储运工程、安全工程、环境科学、安全科学与工程类、环境工程、环境科学与工程、安全科学与工程类、能源与环境系统工程、环保设备工程、物流工程、物流管理、土木工程、地质工程、建筑学、土地资源管理、新能源科学与工程、能源与动力工程、新能源材料与器件、新能源汽车工程、能源服务工程、能源互联网工程、建筑环境与能源应用工程、计算机科学与技术、网络工程、网络与新媒体、信息与计算科学、信息安全、电子科学与技术、软件工程、信息工程、信息管理与信息技术、电子信息工程、财务管理、财政学、会计学、资产评估、金融学、理财产品和金融学、金融与会计学、工商管理、人力资源管理、行政管理、劳动关系、社会保障、公共管理、法学、市场营销、国际经济与贸易、贸易经济、电子商务、统计学、连锁经营管理",94,河南石油分公司,2023-11-02 21:46:04,31.333333333333332
1F71AAE0-F7FA-4255-BAD7-C43ECA6F1F34,智能油田信息技术开发岗,30,山东省东营、滨州、淄博、德州、潍坊、烟台、济南及新疆乌鲁木齐、克拉玛依,本科,计算机科学与技术、软件工程、信息安全、网络工程、信息与计算科学、人工智能、大数据分析、数据科学与大数据技术、统计学、物联网工程；电子信息科学与技术、通信工程、电子信息工程、信息工程、电子封装技术,1011,胜利油田,2023-11-02 21:46:14,33.7
E22661E9-C946-4758-996E-9E2A710D95EF,石油工程装备技术岗,8,四川、重庆、湖南、海外等,本科、硕士研究生,"硕研：机械工程、机械制造及其自动化、机械电子工程、机械设计及理论、电气工程、电气工程及其自动化、电气工程与自动化、自动化、电气信息工程、电机与电器、电力系统及其自动化、电子信息科学与技术、电力电子与电力传动、测控技术与仪器、仪器仪表工程、仪器科学与技术、计算机技术、计算机应用技术、计算机软件与理论、电子信息、信息工程、软件工程等相关专业；
本科：机械工程、机械设计制造及其自动化、机械电子工程、过程装备与控制工程、电气工程、电气工程及其自动化、电气工程与自动化、电气信息工程、电子信息工程、电子科学与技术、信息工程、电子信息科学与技术、自动化、测控技术与仪器、仪器仪表工程、仪器科学与技术、计算机科学与技术、软件工程、电子与计算机工程、信息与计算机科学等相关专业。",275,西南石油工程有限公司,2023-11-02 21:46:13,34.375
A9A096EE-41A9-4D91-9203-3E7BC20E586A,工程技术岗（亳州）,2,亳州,本科、硕士研究生,油气储运工程、智慧能源工程、电气工程与智能控制、氢能科学与工程、智能电网信息工程、环境工程、环境科学、环境生态工程、环保设备工程、资源环境科学、石油与天然气工程、安全工程、化学、应用化学、能源化学、资源化学、机械工程、机械设计制造及其自动化、机械电子工程、车辆工程、新能源汽车工程、材料科学与工程、材料化学、高分子材料与工程、能源与环境系统工程、新能源科学与工程、电子信息工程、仪器科学与技术、电气工程、电子科学与技术、通信工程、信息工程、人工智能、自动化、信息与通信工程、控制科学与工程、计算机科学与技术、建筑学、土木工程、水利工程、化学工程与技术、环境科学与工程、安全科学与工程、网络公共安全、机械、材料与化工、资源与环境、土木水利、能源动力、电子信息、软件工程、网络工程、信息安全、物联网工程、数字媒体技术、电子与计算机工程、数据科学与大数据技术、化学工程与工艺、能源化学工程、化工安全工程、资源环境大数据工程、石油工程、安全生产监管、应急技术与管理、职业卫生工程、消防工程、信息管理与信息系统、工程管理、工程造价、大数据管理与应用、物流管理、物流工程、信息资源管理、工业工程、数学、数学与应用数学、信息与计算科学、数据计算及应用、数据科学、统计学、经济统计学、应用统计学等相关专业,76,安徽石油分公司,2023-11-02 21:46:18,38.0
1DCF026D-D513-47E6-B274-A335C6185BF3,北京研究院信息化建设,1,北京                                                                                                                                              ,本科、硕士研究生,"计算机应用技术、通信与信息系统、计算机系统结构；
计算机科学与技术、软件工程、物联网工程、智能科学与技术、数字媒体技术、空间信息与数字技术、新媒体技术、信息管理与信息系统、电子与计算机工程、数据科学与大数据技术、大数据管理与应用",39,润滑油公司,2023-11-02 21:46:24,39.0
56787FFB-1C75-442F-9EEB-ADA61CA1783F,电气仪表及信息化岗,10,扬州、淮安,本科、硕士研究生,控制科学与工程、控制工程、电气工程及其自动化、电气工程与智能控制、智能电网信息工程、自动化、电子科学与技术、仪器科学与技术、仪器仪表工程、计算机科学与技术、网络工程、软件工程、电子信息等电力电气、仪器仪表、信息工程类相关专业,414,江苏油田,2023-11-02 21:46:20,41.4
BE70CE97-9C8F-479B-A496-11EDA8A7CE9C,技术管理岗-日照,1,日照,本科,油气储运工程类、炼油化工类、航运海事类、机械工程类、电气及自动化类、计算机类,42,联合石化公司,2023-11-02 21:46:22,42.0
56539F3F-4AC9-4631-BDD3-9AA01EE81769,信息管理储备岗,4,海南洋浦,本科、硕士研究生,"1.硕士研究生:通信与信息系统、信号与信息处理、计算机系统结构、计算机软件与理论、计算机应用技术等专业
2.本科生：计算机科学与技术、软件工程、网络工程、信息安全、物联网工程、智能科学与技术、电子与计算机工程、电子信息工程、电子科学与技术、通信工程、信息工程等专业
",169,海南炼化公司,2023-11-02 21:46:25,42.25
3FAB2F69-4124-4B1F-BF73-9F4E283A5843,石化易贸平台研发岗,2,北京,本科、硕士研究生,   大数据管理，计算机类计算机科学与技术、电子与计算机工程、软件工程、通信工程等相关专业。,85,化工销售有限公司,2023-11-02 21:46:17,42.5
C147DE57-1DB0-476B-A6C3-E895AE95354B,工程技术岗（马鞍山）,2,马鞍山,本科、硕士研究生,油气储运工程、智慧能源工程、电气工程与智能控制、氢能科学与工程、智能电网信息工程、环境工程、环境科学、环境生态工程、环保设备工程、资源环境科学、石油与天然气工程、安全工程、化学、应用化学、能源化学、资源化学、机械工程、机械设计制造及其自动化、机械电子工程、车辆工程、新能源汽车工程、材料科学与工程、材料化学、高分子材料与工程、能源与环境系统工程、新能源科学与工程、电子信息工程、仪器科学与技术、电气工程、电子科学与技术、通信工程、信息工程、人工智能、自动化、信息与通信工程、控制科学与工程、计算机科学与技术、建筑学、土木工程、水利工程、化学工程与技术、环境科学与工程、安全科学与工程、网络公共安全、机械、材料与化工、资源与环境、土木水利、能源动力、电子信息、软件工程、网络工程、信息安全、物联网工程、数字媒体技术、电子与计算机工程、数据科学与大数据技术、化学工程与工艺、能源化学工程、化工安全工程、资源环境大数据工程、石油工程、安全生产监管、应急技术与管理、职业卫生工程、消防工程、信息管理与信息系统、工程管理、工程造价、大数据管理与应用、物流管理、物流工程、信息资源管理、工业工程、数学、数学与应用数学、信息与计算科学、数据计算及应用、数据科学、统计学、经济统计学、应用统计学等相关专业,88,安徽石油分公司,2023-11-02 21:46:21,44.0
138E16CB-4A58-4C6B-97A1-80B6BE0F3E17,信息管理和信息技术B岗,4,江西省,本科,计算机科学与技术、软件工程、网络工程、信息安全、网络与新媒体、物联网工程、数字媒体技术、 电子信息工程、信息管理与信息系统、数据科学与大数据技术、网络空间安全、保密技术、电子信息科学与技术、电信工程及管理、电子与计算机工程等、计算机系统与维护、移动应用开发、大数据技术与应用等。,180,江西石油分公司,2023-11-02 21:46:19,45.0
2AEDDBA4-D087-49DA-8670-99B91160E9C6,市分公司非油品网络新媒体营销岗,2,信阳、周口、鹤壁、开封、南阳、济源分公司,本科、硕士研究生,"1.硕研：市场营销、工商管理、企业管理、计算机科学与技术、软件工程、电子与信息、电子商务与供应链管理；
2.本科：电子商务、跨境电子商务、市场营销、新闻学、传播学、广告学、网络与新媒体、工商管理、经济与贸易、国际经济与贸易、经济学、农林经济管理、国际商务、物流管理、供应链管理",90,河南石油分公司,2023-11-02 21:46:16,45.0
43ACBC1B-BA04-4B9D-AF4B-D72A427F07E9,综合管理岗,16,湖南省岳阳市,本科、硕士研究生,国际贸易、市场营销、国际经济与贸易、产业经济学、国际商务、应用经济学、贸易经济、税务学、投资学、能源经济学、财务管理、会计学、审计学、资产评估、计算机科学与技术、网络工程、信息安全、计算机应用技术、软件工程、人力资源管理、马克思主义理论、思想政治教育、秘书学、中国语言文化、中国文学、汉语言文学教育、电子商务、公共关系与文秘、文秘与办公自动化、消防工程技术、消防指挥、职业卫生、公共卫生、机车车辆工程、铁道机车、铁道机电设备维修等相关专业,737,巴陵石化,2023-11-02 21:46:27,46.0625
26BB80BF-7025-4695-9D84-3D5AAC7CDA5E,工程技术岗（宿州）,1,宿州,本科、硕士研究生,油气储运工程、智慧能源工程、电气工程与智能控制、氢能科学与工程、智能电网信息工程、环境工程、环境科学、环境生态工程、环保设备工程、资源环境科学、石油与天然气工程、安全工程、化学、应用化学、能源化学、资源化学、机械工程、机械设计制造及其自动化、机械电子工程、车辆工程、新能源汽车工程、材料科学与工程、材料化学、高分子材料与工程、能源与环境系统工程、新能源科学与工程、电子信息工程、仪器科学与技术、电气工程、电子科学与技术、通信工程、信息工程、人工智能、自动化、信息与通信工程、控制科学与工程、计算机科学与技术、建筑学、土木工程、水利工程、化学工程与技术、环境科学与工程、安全科学与工程、网络公共安全、机械、材料与化工、资源与环境、土木水利、能源动力、电子信息、软件工程、网络工程、信息安全、物联网工程、数字媒体技术、电子与计算机工程、数据科学与大数据技术、化学工程与工艺、能源化学工程、化工安全工程、资源环境大数据工程、石油工程、安全生产监管、应急技术与管理、职业卫生工程、消防工程、信息管理与信息系统、工程管理、工程造价、大数据管理与应用、物流管理、物流工程、信息资源管理、工业工程、数学、数学与应用数学、信息与计算科学、数据计算及应用、数据科学、统计学、经济统计学、应用统计学等相关专业,47,安徽石油分公司,2023-11-02 21:46:23,47.0
B6C562DB-268C-4772-B875-B0B39222A6F4,工程技术岗（六安）,2,六安,本科、硕士研究生,油气储运工程、智慧能源工程、电气工程与智能控制、氢能科学与工程、智能电网信息工程、环境工程、环境科学、环境生态工程、环保设备工程、资源环境科学、石油与天然气工程、安全工程、化学、应用化学、能源化学、资源化学、机械工程、机械设计制造及其自动化、机械电子工程、车辆工程、新能源汽车工程、材料科学与工程、材料化学、高分子材料与工程、能源与环境系统工程、新能源科学与工程、电子信息工程、仪器科学与技术、电气工程、电子科学与技术、通信工程、信息工程、人工智能、自动化、信息与通信工程、控制科学与工程、计算机科学与技术、建筑学、土木工程、水利工程、化学工程与技术、环境科学与工程、安全科学与工程、网络公共安全、机械、材料与化工、资源与环境、土木水利、能源动力、电子信息、软件工程、网络工程、信息安全、物联网工程、数字媒体技术、电子与计算机工程、数据科学与大数据技术、化学工程与工艺、能源化学工程、化工安全工程、资源环境大数据工程、石油工程、安全生产监管、应急技术与管理、职业卫生工程、消防工程、信息管理与信息系统、工程管理、工程造价、大数据管理与应用、物流管理、物流工程、信息资源管理、工业工程、数学、数学与应用数学、信息与计算科学、数据计算及应用、数据科学、统计学、经济统计学、应用统计学等相关专业,98,安徽石油分公司,2023-11-02 21:46:29,49.0
4F61D1C4-A1E0-4BAA-8B6A-64B40AAB8D58,信息岗（二),2,北京市,本科,计算机科学与技术、软件工程、网络工程、信息安全、物联网工程、数字媒体技术、智能科学与技术、空间信息与数字技术、电子与计算机工程、数据科学与大数据技术、大数据管理与应用等,100,燕山石化,2023-11-02 21:46:30,50.0
93B56ED5-4B1E-44A0-9C86-07A710A8F931,工程技术岗（阜阳）,2,阜阳,本科、硕士研究生,油气储运工程、智慧能源工程、电气工程与智能控制、氢能科学与工程、智能电网信息工程、环境工程、环境科学、环境生态工程、环保设备工程、资源环境科学、石油与天然气工程、安全工程、化学、应用化学、能源化学、资源化学、机械工程、机械设计制造及其自动化、机械电子工程、车辆工程、新能源汽车工程、材料科学与工程、材料化学、高分子材料与工程、能源与环境系统工程、新能源科学与工程、电子信息工程、仪器科学与技术、电气工程、电子科学与技术、通信工程、信息工程、人工智能、自动化、信息与通信工程、控制科学与工程、计算机科学与技术、建筑学、土木工程、水利工程、化学工程与技术、环境科学与工程、安全科学与工程、网络公共安全、机械、材料与化工、资源与环境、土木水利、能源动力、电子信息、软件工程、网络工程、信息安全、物联网工程、数字媒体技术、电子与计算机工程、数据科学与大数据技术、化学工程与工艺、能源化学工程、化工安全工程、资源环境大数据工程、石油工程、安全生产监管、应急技术与管理、职业卫生工程、消防工程、信息管理与信息系统、工程管理、工程造价、大数据管理与应用、物流管理、物流工程、信息资源管理、工业工程、数学、数学与应用数学、信息与计算科学、数据计算及应用、数据科学、统计学、经济统计学、应用统计学等相关专业,105,安徽石油分公司,2023-11-02 21:46:36,52.5
2F9E6E3F-F6AC-4DDD-82E5-022198712BCE,综合管理岗（京外）,2,岳阳、淄博,本科、硕士研究生,"本科：中国语言文学、汉语言文学、新闻学、传播学、工商管理、企业管理、数字媒体技术、心理学、信息科学与工程, 软件工程、人力资源管理、劳动与社会保障、工商管理、高级微观经济学，高级宏观经济学、金融学、国际贸易；
硕研：中国语言文学、汉语言文学、新闻学、传播学、工商管理、企业管理、数字媒体、心理学、人力资源管理、劳动与社会保障、信息科学与工程, 软件工程、高级微观经济学，高级宏观经济学，计量经济学，金融学、国际贸易  ",105,催化剂公司,2023-11-02 21:46:28,52.5
0407308F-DFE2-4B23-94ED-B1DF6FD66921,信息技术储备岗,1,武汉,本科,软件工程,53,中韩石化,2023-11-02 21:46:26,53.0
73DC318D-A42C-4FD1-805A-500803DB31B9,信息工程技术岗,6,"武汉、潜江、 荆州、涪陵、万州、寿光、延安

",本科、硕士研究生,计算机科学与技术、软件工程、网络工程、数据科学与大数据技术、电子与计算机工程、计算机系统与维护、移动应用开发、大数据技术与应用,322,江汉油田,2023-11-02 21:46:34,53.666666666666664
0E970A28-8ECD-4CA2-BA6B-7199CCF30021,IT业务岗（南京）,13,江苏南京,本科、硕士研究生,信息与计算科学、应用数学、电子信息工程、电子科学与技术、信息工程、电子信息科学与技术、计算机科学与技术、软件工程、网络工程、信息安全、智能科学与技术、人工智能、电子与计算机工程、数据科学与大数据技术、网络空间安全、保密技术、计算机网络技术、计算机系统与维护、软件技术、软件与信息服务、数字展示技术、信息安全与管理、移动应用开发、云计算技术与应用、大数据技术与应用、计算机软件与理论、计算机应用技术、软件工程类其他专业、网络空间安全类其他专业,700,共享服务公司,2023-11-02 21:46:33,53.84615384615385
A74E2518-CEF5-4C25-A52D-B09B0929649B,IT业务岗（淄博）,1,山东淄博,本科、硕士研究生,信息与计算科学、应用数学、电子信息工程、电子科学与技术、信息工程、电子信息科学与技术、计算机科学与技术、软件工程、网络工程、信息安全、智能科学与技术、人工智能、电子与计算机工程、数据科学与大数据技术、网络空间安全、保密技术、计算机网络技术、计算机系统与维护、软件技术、软件与信息服务、数字展示技术、信息安全与管理、移动应用开发、云计算技术与应用、大数据技术与应用、计算机软件与理论、计算机应用技术、软件工程类其他专业、网络空间安全类其他专业,54,共享服务公司,2023-11-02 21:46:35,54.0
0718825E-7FFD-49F4-8E52-30D3451A52CD,综合管理岗,5,湖南岳阳,本科、硕士研究生,会计学、财务管理、审计学、资产评估、信息安全、计算机应用技术、计算机科学与技术、软件工程、网络工程、消防工程技术、消防指挥等相关专业。,277,长岭炼化,2023-11-02 21:46:31,55.4
B17D203A-125B-424F-A81C-6B1FF636391B,信息技术岗,2,乌鲁木齐/塔河油田,本科、硕士研究生,信息工程，信息安全，软件工程，信息与计算科学，计算机科学与技术，计算机软件与理论，计算机应用技术，通信工程，信息与通信工程，通信与信息系统，信息管理与信息系统，电子信息（计算机、软件、通信方向），电子信息工程，电子科学与技术，电子与通信工程，数据科学与大数据技术，或与以上高度相关的专业。,112,西北石油局,2023-11-02 21:46:37,56.0
EC0E8B37-D7B1-40CD-8E9D-A14265B28DA2,信息技术,2,天津或国内外项目现场,本科、硕士研究生,"本科：计算机科学与技术、软件工程、网络工程、信息安全、物联网工程、智能科学与技术、数学与应用数学、信息与计算科学、信息管理与信息系统
硕研：计算机系统结构、计算机软件与理论、计算机应用技术",113,重型起重运输工程公司,2023-11-02 21:46:44,56.5
83A628A2-1E8F-4219-847E-F1A13F0C480B,IT业务岗（濮阳）,1,河南濮阳,本科、硕士研究生,信息与计算科学、应用数学、电子信息工程、电子科学与技术、信息工程、电子信息科学与技术、计算机科学与技术、软件工程、网络工程、信息安全、智能科学与技术、人工智能、电子与计算机工程、数据科学与大数据技术、网络空间安全、保密技术、计算机网络技术、计算机系统与维护、软件技术、软件与信息服务、数字展示技术、信息安全与管理、移动应用开发、云计算技术与应用、大数据技术与应用、计算机软件与理论、计算机应用技术、软件工程类其他专业、网络空间安全类其他专业,57,共享服务公司,2023-11-02 21:46:39,57.0
E34F8D40-816E-43B5-98F0-381867F998FD,数字技术岗,3,宁波,本科、硕士研究生,电子科学与技术；计算机科学与技术；软件工程；网络工程；信息安全；数据科学与大数据技术；大数据技术与应用；计算机应用技术；计算机软件与理论；计算机技术及相关专业,182,宁波工程公司,2023-11-02 21:46:41,60.666666666666664
511EF3D8-943E-4D47-BAB7-B4AB7AC076E4,IT业务岗（扬州）,1,江苏扬州,本科、硕士研究生,信息与计算科学、应用数学、电子信息工程、电子科学与技术、信息工程、电子信息科学与技术、计算机科学与技术、软件工程、网络工程、信息安全、智能科学与技术、人工智能、电子与计算机工程、数据科学与大数据技术、网络空间安全、保密技术、计算机网络技术、计算机系统与维护、软件技术、软件与信息服务、数字展示技术、信息安全与管理、移动应用开发、云计算技术与应用、大数据技术与应用、计算机软件与理论、计算机应用技术、软件工程类其他专业、网络空间安全类其他专业,62,共享服务公司,2023-11-02 21:46:43,62.0
4F0AC3AC-A7D8-42A5-9024-162AAFC35014,工程技术岗（安庆）,1,安庆,本科、硕士研究生,油气储运工程、智慧能源工程、电气工程与智能控制、氢能科学与工程、智能电网信息工程、环境工程、环境科学、环境生态工程、环保设备工程、资源环境科学、石油与天然气工程、安全工程、化学、应用化学、能源化学、资源化学、机械工程、机械设计制造及其自动化、机械电子工程、车辆工程、新能源汽车工程、材料科学与工程、材料化学、高分子材料与工程、能源与环境系统工程、新能源科学与工程、电子信息工程、仪器科学与技术、电气工程、电子科学与技术、通信工程、信息工程、人工智能、自动化、信息与通信工程、控制科学与工程、计算机科学与技术、建筑学、土木工程、水利工程、化学工程与技术、环境科学与工程、安全科学与工程、网络公共安全、机械、材料与化工、资源与环境、土木水利、能源动力、电子信息、软件工程、网络工程、信息安全、物联网工程、数字媒体技术、电子与计算机工程、数据科学与大数据技术、化学工程与工艺、能源化学工程、化工安全工程、资源环境大数据工程、石油工程、安全生产监管、应急技术与管理、职业卫生工程、消防工程、信息管理与信息系统、工程管理、工程造价、大数据管理与应用、物流管理、物流工程、信息资源管理、工业工程、数学、数学与应用数学、信息与计算科学、数据计算及应用、数据科学、统计学、经济统计学、应用统计学等相关专业,63,安徽石油分公司,2023-11-02 21:46:42,63.0
7F058078-0945-492D-B2B8-125CD16D6506,工程技术岗（芜湖）,2,芜湖,本科、硕士研究生,油气储运工程、智慧能源工程、电气工程与智能控制、氢能科学与工程、智能电网信息工程、环境工程、环境科学、环境生态工程、环保设备工程、资源环境科学、石油与天然气工程、安全工程、化学、应用化学、能源化学、资源化学、机械工程、机械设计制造及其自动化、机械电子工程、车辆工程、新能源汽车工程、材料科学与工程、材料化学、高分子材料与工程、能源与环境系统工程、新能源科学与工程、电子信息工程、仪器科学与技术、电气工程、电子科学与技术、通信工程、信息工程、人工智能、自动化、信息与通信工程、控制科学与工程、计算机科学与技术、建筑学、土木工程、水利工程、化学工程与技术、环境科学与工程、安全科学与工程、网络公共安全、机械、材料与化工、资源与环境、土木水利、能源动力、电子信息、软件工程、网络工程、信息安全、物联网工程、数字媒体技术、电子与计算机工程、数据科学与大数据技术、化学工程与工艺、能源化学工程、化工安全工程、资源环境大数据工程、石油工程、安全生产监管、应急技术与管理、职业卫生工程、消防工程、信息管理与信息系统、工程管理、工程造价、大数据管理与应用、物流管理、物流工程、信息资源管理、工业工程、数学、数学与应用数学、信息与计算科学、数据计算及应用、数据科学、统计学、经济统计学、应用统计学等相关专业,126,安徽石油分公司,2023-11-02 21:46:38,63.0
4E2084A1-939D-4766-AEE5-C14DDCDA7F89,计算机与信息管理技术岗2,1,安徽省安庆市,本科,计算机与信息类：软件工程、计算机、网络工程、应用数学、计算机系统结构、计算机软件与理论、计算机应用技术、计算机科学与技术、信息安全、信息管理与信息系统等专业。,63,安庆石化,2023-11-02 21:46:45,63.0
1928441E-D1D7-4AA5-8B8A-E04197FD10F4,技术管理岗-青岛,1,青岛,本科,油气储运工程类、炼油化工类、航运海事类、机械工程类、电气及自动化类、计算机类,64,联合石化公司,2023-11-02 21:46:47,64.0
E8E6FC21-9CBA-4CBD-BA50-A9D9AFE2B0C7,计算机与信息技术岗,5,豫、陕、甘、宁、蒙地区,本科、硕士研究生,电子信息工程、计算机科学与技术、数据科学与大数据技术、控制科学与工程、人工智能、软件工程、信息管理与信息系统、通信工程、网络通信、网络工程、信息与通信工程、通信与信息系统、电子科学与技术、电子与通信工程、物联网工程、地理信息科学、信息安全、网络空间安全,339,华北石油局,2023-11-02 21:46:51,67.8
5C7A59D2-25CF-4839-82C5-94133B921E58,综合业务岗,3,重庆南川、山西临汾、江苏泰州,本科、硕士研究生,计算机科学与技术、物联网工程、软件工程、电子信息科学与技术、通信工程、电子信息（软件工程、计算机技术）、图书情报管理（档案学）、,210,华东石油局,2023-11-02 21:46:56,70.0
46DD628D-64D2-4A2F-87AE-9CA6D355E703,信息网络管理岗,4,湖北省内,本科、硕士研究生,信息与通信工程类、计算机科学与技术类、电子信息类、计算机类、系统科学类、信息管理与信息系统,282,湖北石油分公司,2023-11-02 21:46:46,70.5
02F3717C-A6C2-4063-923E-3E8B07795409,综合管理岗2,2,黑龙江省内,本科,经济学、经济统计学、商务经济学、能源经济、数字经济、精算学、国际经济与贸易、贸易经济、管理科学、工商管理、市场营销、零售业管理统计学、应用统计学、汉语言文学、汉语国际教育、秘书学、电子商务、信息与计算科学、智能科学与技术、数据科学与大数据技术、区块链工程、互联网金融、信息管理与信息系统、计算机软件工程、信息安全、电子与计算机工程、自动化、电子信息工程、数据科学、大数据技术、计算机应用技术、计算机信息管理等相关专业,142,黑龙江石油分公司,2023-11-02 21:46:50,71.0
02DCF555-BEB0-4582-B785-1A16FF48E144,专业管理岗,6,重庆市长寿区,本科、硕士研究生,财务管理、会计学、税务、统计学、应用统计学、法律、法学、民商法学、工商管理、人力资源管理、数学（应用数学、运筹学与控制论）、金融数学、计算机科学与技术、信息安全、软件工程、信息管理与信息系统、大数据技术与工程、数据科学与大数据技术、大数据管理与应用等相关专业,428,重庆川维化工有限公司,2023-11-02 21:46:49,71.33333333333333
6033FF92-F9EB-4C10-A449-633D3D35D630,信息管理A岗,2,烟台、泰安、滨州,本科,计算机科学与技术、软件工程、网络工程、信息安全、物联网工程、电子信息工程、电子科学与技术、信息工程、 信息管理与信息系统、信息与通信工程等相关专业,146,山东石油分公司,2023-11-02 21:46:58,73.0
0C333274-C8BA-4342-B439-CE24F76E60D1,信息和数字化管理岗,1,海南各市县,本科、硕士研究生,计算机科学与技术、软件工程、计算机软件、网络工程、信息安全、物联网工程、智能科学与技术、电子与计算机工程、信息工程、信息科学技术、计算机系统结构、计算机软件与理论、计算机应用技术、能源互联网工程、大数据管理与应用、网络与新媒体、网络空间安全,76,海南石油分公司,2023-11-02 21:46:54,76.0
EFCA79EB-CDD4-4D57-90B3-2BBA9ED22C9E,华南分公司信息系统岗,2,广东广州,本科、硕士研究生,   计算机科学与技术、电子与计算机工程、软件工程、应用分析、数据科学、通信工程等相关专业。,152,化工销售有限公司,2023-11-02 21:46:48,76.0
64BAA33F-B14F-43B9-879A-AA35E36FE1DE,计算机信息岗,2,吉林省长春市及周边,本科,计算机应用技术、计算机科学与技术、信息安全、通信与信息系统、软件工程、网络工程等计算机类、信息类相关专业。,154,东北石油局,2023-11-02 21:47:09,77.0
3F0513A9-737A-4413-BBFB-2404E547F234,市分公司信息管理岗,2,信阳、周口、鹤壁、开封、南阳、济源分公司,本科、硕士研究生,"1.硕研：计算机科学与技术、软件工程类、信息与通信工程、网络空间安全、电子信息、信息资源管理、计算机和信息管理、图书情报与档案管理；
2.本科：计算机科学与技术、软件工程、数字媒体技术、空间信息与数字技术、通信工程、网络工程、信息安全、物联网工程、传感网技术、智能科学与技术、电子与计算机工程、信息与通信工程、信息科学技术、信息工程、电子信息工程、数据科学与大数据技术、网络空间安全、新媒体技术、区块链工程、电子信息科学与技术、人工智能",154,河南石油分公司,2023-11-02 21:46:52,77.0
F3F817DD-EB26-4249-B356-CEB0AF62FB21,华东分公司信息化建设,1,上海                                                                                                                                         ,本科、硕士研究生,"计算机应用技术、通信与信息系统、计算机系统结构；
计算机科学与技术、软件工程、物联网工程、智能科学与技术、数字媒体技术、空间信息与数字技术、新媒体技术、信息管理与信息系统、电子与计算机工程、数据科学与大数据技术、大数据管理与应用",79,润滑油公司,2023-11-02 21:46:55,79.0
C318DEE7-B4D2-418F-884C-1092D73E9937,信息技术岗,2,南阳,本科、硕士研究生,软件工程、计算机科学与技术、网络工程、数据科学与大数据技术、网络空间安全、物联网工程,160,河南油田,2023-11-02 21:47:08,80.0
70793474-F01C-4068-825D-20C083187C67,上海研究院信息化建设,1,上海                                                                                                                                          ,本科、硕士研究生,"计算机应用技术、通信与信息系统、计算机系统结构；
计算机科学与技术、软件工程、物联网工程、智能科学与技术、数字媒体技术、空间信息与数字技术、新媒体技术、信息管理与信息系统、电子与计算机工程、数据科学与大数据技术、大数据管理与应用",81,润滑油公司,2023-11-02 21:47:10,81.0
566817D9-173B-4B18-83B5-BE35764B0D80,信息通讯技术岗,3,四川省彭州市、四川省德阳市、四川省阆中市、四川省广元市、重庆市永川区,本科,计算机科学与技术、软件工程、网络工程、信息安全、电子与计算机工程、信息管理与信息系统、信息与计算科学、软件技术、物联网工程,245,西南石油局,2023-11-02 21:47:03,81.66666666666667
1B07857D-868D-4EC5-8D88-CCE88978687F,技术管理岗-天津,2,天津,本科、硕士研究生,油气储运工程类、炼油化工类、航运海事类、机械工程类、电气及自动化类、计算机类,164,联合石化公司,2023-11-02 21:46:53,82.0
478388AF-2A24-41CA-8D02-0CFBE11A6FA6,计算机与信息技术岗,3,江苏 南京,本科,计算机科学与技术、信息安全、软件工程、网络工程等专业,246,南京化工公司,2023-11-02 21:47:00,82.0
5EF4DFDC-D6AC-4092-85B5-A4D6A857884E,信息管理岗,2,株洲、怀化,本科、硕士研究生,计算机科学与技术、软件工程、网络工程、信息安全、物联网工程、数字媒体技术、智能科学与技术、空间信息与数字技术、电子与计算机工程、数据科学与大数据技术、网络空间安全、保密技术、虚拟现实技术、新媒体技术、服务科学与工程、区块链工程、计算机系统结构、计算机软件与理论、计算机应用技术、计算机技术、大数据技术与工程、网络与信息安全、信息管理与信息系统、大数据管理与应用、信息与计算科学、数据计算及应用、系统分析与集成等专业。,167,湖南石油分公司,2023-11-02 21:46:59,83.5
89936E08-7C14-4237-BF91-9F7212B18F22,信息与数据管理岗,8,南京、无锡、常州、南通、盐城、扬州、泰州、镇江,本科、硕士研究生,计算机科学与技术、计算机科学与工程、计算机应用技术、软件工程、网络工程、物联网工程、信息安全、信息管理与信息系统、计算机技术、商务资讯系统、计算机网络工程、计算机信息技术、信息技术、通信工程、移动和个人通信、统计学、应用统计学、大数据管理与应用、数据科学与大数据技术、数据计算及应用、概率论与数理统计、数学、应用数学、应用统计、数学与应用数学、分析学、数据科学与机器学习、应用统计专业、空间数据科学与可视化、数据科学、应用统计与风险决策、经济统计学、数据分析、运筹与数据科学、计算数学、数学与统计、商务分析,688,江苏石油分公司,2023-11-02 21:47:01,86.0
23AE4576-9536-4C4C-B90C-6E5B884F234C,华南分公司信息化建设,1,广东,本科、硕士研究生,"计算机应用技术、通信与信息系统、计算机系统结构；
计算机科学与技术、软件工程、物联网工程、智能科学与技术、数字媒体技术、空间信息与数字技术、新媒体技术、信息管理与信息系统、电子与计算机工程、数据科学与大数据技术、大数据管理与应用",86,润滑油公司,2023-11-02 21:47:05,86.0
59E3E8A6-00C1-455B-BC0E-4A8CD1C3FF36,信息管理岗- 南疆,4,"阿克苏、
巴州、
喀什、
和田",本科、硕士研究生,"硕研：信息技术、计算机科学技术、电子信息、电子信息工程、计算机软件与理论、网络工程等；
本科：信息管理与信息技术、软件工程、信息与计算科学、通信与信息系统、通信工程、计算机应用技术、信息管理与信息系统、网络工程、电子信息工程、电子信息与科学技术、计算机科学与技术、计算机网络工程、信息安全、网络空间安全工程、数据科学与大数据技术、信息管理等。",348,新疆石油分公司,2023-11-02 21:47:07,87.0
0AB12124-C02A-46D9-89EB-C372F1109AB3,网络/软件管理岗,1,上海,本科、硕士研究生,网络工程；软件工程；信息工程；计算机技术；计算机科学等相关专业,88,上海工程公司,2023-11-02 21:47:04,88.0
E32FF521-0F38-42AE-87BD-C15A3DA8734C,计算机管理岗,2,河南洛阳,本科、硕士研究生,计算机应用技术、计算机科学与技术、网络工程、软件工程等相关专业。,184,洛阳石化,2023-11-02 21:47:09,92.0
840FCC40-3561-42FF-A19A-54A458E6FB8C,计算机与信息技术储备岗,2,山东淄博,本科,软件工程、计算机、网络工程、计算机系统结构、计算机软件与理论、计算机应用技术、计算机科学与技术、网络工程、信息安全、软件工程等计算机与信息类专业,185,齐鲁石化,2023-11-02 21:47:20,92.5
57B2F3E9-84F8-475B-B250-D64E4C409CCA,财务信息综合岗,2,广州,本科、硕士研究生,数学、统计、计算机类（数据分析方向）专业、网络工程专业、计算机科学与技术等专业,190,广州石化,2023-11-02 21:47:12,95.0
0D269F94-CDE6-4833-A933-217888158E40,信息管理岗,1,四川省德阳市,本科、硕士研究生,通信工程、电子信息工程、电子科学与技术、计算机科学与技术、信息与通信工程、电子与通信工程、信息安全、网络工程、软件工程,99,四川石油分公司,2023-11-02 21:47:19,99.0
2EF97EF4-F613-41FF-BD9C-63FD11806077,华中有限公司信息化建设,1,湖北武汉,本科、硕士研究生,"计算机应用技术、通信与信息系统、计算机系统结构；
计算机科学与技术、软件工程、物联网工程、智能科学与技术、数字媒体技术、空间信息与数字技术、新媒体技术、信息管理与信息系统、电子与计算机工程、数据科学与大数据技术、大数据管理与应用",101,润滑油公司,2023-11-02 21:47:22,101.0
A2FAD58B-D18E-434C-90E1-4676B49484B2,数字化管理岗,1,天津及项目所在地,本科、硕士研究生,"硕研：计算机软件与理论、计算机应用技术、计算机系统结构、软件工程、网络安全等相关专业。
本科：计算机科学与技术、软件工程、网络工程、信息安全、电子与计算机工程等相关专业。",106,第四建设公司,2023-11-02 21:47:15,106.0
555CAC1F-C08F-4B37-9BC2-12A11EA2DA3E,IT业务岗（武汉）,1,湖北武汉,本科、硕士研究生,信息与计算科学、应用数学、电子信息工程、电子科学与技术、信息工程、电子信息科学与技术、计算机科学与技术、软件工程、网络工程、信息安全、智能科学与技术、人工智能、电子与计算机工程、数据科学与大数据技术、网络空间安全、保密技术、计算机网络技术、计算机系统与维护、软件技术、软件与信息服务、数字展示技术、信息安全与管理、移动应用开发、云计算技术与应用、大数据技术与应用、计算机软件与理论、计算机应用技术、软件工程类其他专业、网络空间安全类其他专业,123,共享服务公司,2023-11-02 21:47:27,123.0
A18CB897-DBCC-4A50-8AD4-5DC404C8C827,信息设备管理岗A,1,天津石油所属二级单位,本科,电子信息工程、电子科学与技术、通信工程、信息工程、电子信息科学与技术、计算机科学与技术、软件工程、网络工程、信息安全、物联网工程、电子与计算机工程等相关专业,128,天津石油分公司,2023-11-02 21:47:26,128.0
64A8FE65-1D78-4EB9-947A-AC0A96ADB680,信息技术操作岗,2,河北省石家庄市,本科、硕士研究生,计算机科学与技术、软件工程、网络工程、信息安全、物联网工程等计算机类专业,261,石家庄炼化,2023-11-02 21:47:28,130.5
296E5CDD-CB7A-496F-B4C7-2B59CDFA6D72,互联网运营与数据分析B岗,1,重庆,本科,计算机软件与理论、计算机应用技术、计算机科学与技术、软件工程、网络工程、信息安全、智能科学与技术、统计学、应用数学、数据科学与大数据技术、基础数学、概率论与数理统计、计算数学类专业,132,重庆石油分公司,2023-11-02 21:47:31,132.0
783ACEA9-20B5-42DC-A470-A66AEA72006E,信息分析岗2,1,佛山、东莞、惠州、珠海、中山、肇庆,本科、硕士研究生,统计学类、电子信息工程、电子科学与技术、通信工程、微电子科学与工程、光电信息科学与工程、信息工程、物理电子学、电路与系统、信号与信息处理、通信与信息系统、计算机科学与技术、软件工程、网络工程、信息安全、物联网工程、智能科学与技术、电子与计算机工程、数据科学与大数据技术,151,广东石油分公司,2023-11-02 21:47:29,151.0
6A546C8C-CDDC-4638-85D4-ED6706FCC08D,计算机与数据分析管理岗,1,河北省各地市,本科,计算机科学与技术、软件工程、物联网工程、网络工程、信息安全、数字媒体技术、数据科学与大数据技术、新媒体技术、电子信息工程、电子科学与技术、计算机系统结构、计算机软件与理论、计算机应用技术、数字与信息技术、统计学、应用统计学、大数据分析、统计分析、基础数学、计算数学、系统分析与集成、概率论与数理统计、数学与应用数学、应用数学、运筹学与控制论、能源经济等与岗位工作相关专业。,153,河北石油分公司,2023-11-02 21:47:33,153.0
0004FC71-3713-4B75-9813-6CF7DD2750B9,信息技术岗（本科）,1,广州、武汉、天津、南京,本科,计算机科学与技术、软件工程、信息管理及其他相关专业,159,新星石油公司,2023-11-02 21:47:32,159.0
029AD1FD-8A8F-4EBC-AD3B-20B528BA3DCD,计算机信息岗,2,天津,本科、硕士研究生,计算机技术、计算机科学与技术、计算机应用技术、计算机软件与理论、软件工程、网络工程、通信工程、信息工程、电子信息工程、电子科学与技术等计算机信息类专业,449,天津石化,2023-11-02 21:47:34,224.5
C361CBB6-8EBE-4756-9B70-524E4C44DA85,综合管理岗,1,陕西咸阳,本科,企业管理、公共管理、行政管理、社会保障、汉语言文字学、新闻学、新闻与传播、马克思主义理论、秘书学、法学，法律，民商法学，知识产权，经济法学，纪检监察，诉讼法学、计算机类,276,陕西石油分公司,2023-11-02 21:47:35,276.0
